<?xml version="1.0" encoding="UTF-8" standalone="no"?>
<registration_data version="1.0">
   <environment>
      <hostname>07-0850136-91</hostname>
      <hostId/>
      <osName>Windows 2000</osName>
      <osVersion>5.0</osVersion>
      <osArchitecture>x86</osArchitecture>
      <systemModel/>
      <systemManufacturer/>
      <cpuManufacturer/>
      <serialNumber/>
   </environment>
   <registry urn="urn:st:ee8f3967-e8c6-48c8-ba44-e5e93b1cec82" version="1.0">
      <service_tag>
         <instance_urn>urn:st:fd1a133c-eb98-4556-9dbb-b02585b0c2a9</instance_urn>
         <product_name>Java SE 6 Development Kit</product_name>
         <product_version>1.6.0_14</product_version>
         <product_urn>urn:uuid:b58ef9a8-5ae8-11db-a023-080020a9ed93</product_urn>
         <product_parent_urn>urn:uuid:fdc90b21-018d-4cab-b866-612c7c119ed3</product_parent_urn>
         <product_parent>Java Platform Standard Edition 6 (Java SE 6)</product_parent>
         <product_defined_inst_id>id=1.6.0_14-b08 x86,dir=C:\Program Files\Java\jdk1.6.0_14\jre</product_defined_inst_id>
         <product_vendor>Sun Microsystems</product_vendor>
         <platform_arch>x86</platform_arch>
         <timestamp>2009-06-04 08:29:27 GMT</timestamp>
         <container>global</container>
         <source>Windows JDK i586 installer</source>
         <installer_uid>-1</installer_uid>
      </service_tag>
   </registry>
</registration_data>
