<?xml version="1.0" encoding="UTF-8" standalone="no"?>
<registration_data version="1.0">
   <environment>
      <hostname>create-PC2</hostname>
      <hostId/>
      <osName>Windows 7</osName>
      <osVersion>6.1</osVersion>
      <osArchitecture>amd64</osArchitecture>
      <systemModel>ET2012E</systemModel>
      <systemManufacturer>ASUSTeK Computer INC.</systemManufacturer>
      <cpuManufacturer>GenuineIntel</cpuManufacturer>
      <serialNumber>C2PTAS003548</serialNumber>
   </environment>
   <registry urn="urn:st:afb5c082-60b6-4d85-96b9-ceb9185e1dc4" version="1.0">
      <service_tag>
         <instance_urn>urn:st:eb53518d-7f99-46c5-9b88-8f6e3dad3325</instance_urn>
         <product_name>Java SE 6 Development Kit</product_name>
         <product_version>1.6.0_32</product_version>
         <product_urn>urn:uuid:b58ef9a8-5ae8-11db-a023-080020a9ed93</product_urn>
         <product_parent_urn>urn:uuid:fdc90b21-018d-4cab-b866-612c7c119ed3</product_parent_urn>
         <product_parent>Java Platform Standard Edition 6 (Java SE 6)</product_parent>
         <product_defined_inst_id>id=1.6.0_32-b05 amd64,dir=C:\Program Files\Java\jdk1.6.0_32\jre</product_defined_inst_id>
         <product_vendor>Sun Microsystems</product_vendor>
         <platform_arch>amd64</platform_arch>
         <timestamp>2012-05-11 01:50:52 GMT</timestamp>
         <container>global</container>
         <source>Windows JDK i586 installer</source>
         <installer_uid>-1</installer_uid>
      </service_tag>
   </registry>
</registration_data>
